"FA","TR"
0.277596741914749,562.0791015625
0.0923203527927399,729.0302734375
0.137022197246552,652.601196289062
0.0906929671764374,810.755859375
0.11820537596941,641.895263671875
0.140900120139122,628.326416015625
0.135319948196411,676.416809082031
0.154027596116066,650.109680175781
0.165419101715088,658.501037597656
0.0541711188852787,450.332153320312
0.047308437526226,617.527587890625
0.173931434750557,506.155303955078
0.144130527973175,454.320983886719
0.0446845702826977,608.574340820312
0.0832321420311928,492.57861328125
0.226069867610931,469.072082519531
0.178964450955391,638.371337890625
0.157263100147247,528.730224609375
0.14205613732338,589.727661132812
0.21510998904705,560.252014160156
0.224745541810989,585.071044921875
0.2427998483181,558.653076171875
0.237795636057854,616.754516601562
0.242328688502312,613.919250488281
0.116151437163353,533.747802734375
0.08685302734375,506.714660644531
0.0631537958979607,529.902099609375
0.0563203245401382,497.922424316406
0.0948403477668762,500.845550537109
0.0934451147913933,476.462890625
0.0646415650844574,523.799255371094
0.0520212762057781,580.883056640625
0.048931036144495,525.060791015625
0.106056720018387,489.695129394531
0.197620823979378,569.703002929688
0.271314740180969,490.20361328125
0.297647029161453,492.924133300781
0.294443726539612,514.825256347656
0.264721989631653,574.217224121094
0.230051755905151,612.878784179688
0.220731616020203,595.530212402344
0.169281050562859,574.882995605469
0.119197174906731,493.940979003906
0.0798334330320358,453.781829833984
0.0630013197660446,471.318420410156
0.0651819854974747,469.408752441406
0.0689938366413116,451.628021240234
0.0697796195745468,446.121368408203
0.0741182342171669,483.128601074219
0.075211189687252,498.958435058594
0.0603973306715488,552.407287597656
0.0553442612290382,595.936096191406
0.0598838739097118,502.049011230469
0.0871144831180573,524.388793945312
0.0802756622433662,511.078308105469
0.243439495563507,489.614074707031
0.285128027200699,482.458251953125
0.315745502710342,472.343200683594
0.302123516798019,520.163146972656
0.289701163768768,539.258605957031
0.270682603120804,550.933715820312
0.241175845265388,542.12060546875
0.177895173430443,470.153167724609
0.118428319692612,442.976867675781
0.0821726098656654,448.12646484375
0.0731712132692337,450.69921875
0.0532769821584225,446.732360839844
0.0503131449222565,441.535461425781
0.066479928791523,450.776184082031
0.0611675307154655,435.495788574219
0.072127029299736,477.019622802734
0.0622109994292259,526.356506347656
0.0589529871940613,540.375305175781
0.0693448483943939,541.479125976562
0.0817224904894829,464.732421875
0.0876598581671715,426.51220703125
0.0844379663467407,456.658111572266
0.0684968382120132,385.277618408203
0.273394078016281,483.074645996094
0.288894891738892,477.170837402344
0.300758093595505,480.581726074219
0.310472548007965,504.053314208984
0.313756197690964,493.895538330078
0.280291020870209,492.087158203125
0.213476106524467,482.658203125
0.16991876065731,441.357788085938
0.11554379016161,438.909423828125
0.0764947012066841,453.436706542969
0.0493946820497513,408.199310302734
0.0438326485455036,448.21142578125
0.0523551180958748,442.93701171875
0.0574550628662109,443.7255859375
0.055144838988781,416.921600341797
0.05860236287117,446.106170654297
0.0625276863574982,480.544464111328
0.0580431744456291,491.04345703125
0.0862685516476631,457.982818603516
0.10825427621603,458.210662841797
0.114430174231529,465.312957763672
0.104607164859772,460.4453125
0.0638794228434563,458.389282226562
0.107937559485435,448.477294921875
0.287451446056366,494.307312011719
0.294287025928497,479.017852783203
0.307120442390442,498.193908691406
0.334411233663559,473.872528076172
0.340311139822006,483.242919921875
0.277711272239685,448.536987304688
0.202622190117836,453.323608398438
0.149897128343582,453.202392578125
0.0839061439037323,442.049255371094
0.0385086201131344,403.013122558594
0.0198268592357635,399.546203613281
0.0598667412996292,433.297058105469
0.0703952610492706,441.507873535156
0.0717301517724991,452.397338867188
0.0692309960722923,447.943176269531
0.0691371038556099,447.640899658203
0.0670326948165894,464.684509277344
0.0756612494587898,487.594970703125
0.0870260447263718,494.996215820312
0.0989596247673035,515.131774902344
0.107361726462841,514.8388671875
0.103909373283386,487.067749023438
0.096192829310894,476.294616699219
0.105388537049294,479.9814453125
0.0837813168764114,487.003112792969
0.0913706049323082,613.688171386719
0.062824584543705,545.01220703125
0.284608900547028,518.247192382812
0.298357278108597,486.710632324219
0.323300719261169,498.875518798828
0.337619960308075,481.70263671875
0.299280315637589,460.2265625
0.221239507198334,437.290679931641
0.173110648989677,460.172210693359
0.12946942448616,459.134124755859
0.0584170706570148,460.435485839844
0.0169817693531513,397.703857421875
0.0510291494429111,401.102416992188
0.0941904485225677,433.602874755859
0.0997053384780884,445.592498779297
0.0935293287038803,456.849182128906
0.0884533300995827,460.851867675781
0.088335819542408,487.188598632812
0.0813988968729973,516.359375
0.072551392018795,535.372863769531
0.0650778859853745,547.802917480469
0.0630324631929398,556.974182128906
0.0793660804629326,567.208251953125
0.096821129322052,559.216918945312
0.104809492826462,490.728088378906
0.111843772232533,461.712799072266
0.108642816543579,442.682861328125
0.0803131386637688,494.616577148438
0.215192466974258,417.524505615234
0.0890755131840706,538.669006347656
0.271774023771286,522.58544921875
0.317415237426758,497.943786621094
0.282668679952621,512.644775390625
0.242265120148659,450.44140625
0.180464014410973,477.366271972656
0.16721498966217,450.663543701172
0.113896682858467,444.59423828125
0.0316893607378006,410.403015136719
0.0451888740062714,398.159515380859
0.0905154794454575,434.038513183594
0.112167432904243,442.220764160156
0.125689119100571,450.402282714844
0.11769637465477,465.750061035156
0.122201219201088,475.312133789062
0.115623317658901,500.181671142578
0.108496598899364,518.547546386719
0.0978027656674385,535.783264160156
0.0846021547913551,552.497375488281
0.0709405392408371,568.490478515625
0.0581477880477905,575.734741210938
0.0662277042865753,590.562316894531
0.0788562446832657,578.177429199219
0.104821600019932,519.591918945312
0.113994129002094,464.211975097656
0.110634125769138,450.848205566406
0.0691195651888847,463.8955078125
0.26963084936142,541.065673828125
0.178928270936012,474.598602294922
0.160449370741844,466.226318359375
0.140829920768738,458.252807617188
0.0778580829501152,438.276336669922
0.0247013662010431,397.457305908203
0.0817684009671211,430.439331054688
0.11967346817255,433.333923339844
0.137154683470726,444.809936523438
0.139266312122345,466.721252441406
0.131529659032822,479.380462646484
0.13810969889164,488.437347412109
0.137635722756386,508.468688964844
0.124070547521114,519.749877929688
0.119136936962605,533.117065429688
0.114247523248196,547.852661132812
0.101705893874168,557.35791015625
0.0903574824333191,569.700439453125
0.0844100564718246,582.699401855469
0.0808637142181396,599.154724121094
0.092062383890152,583.551696777344
0.104283824563026,519.7001953125
0.118202276527882,439.505676269531
0.108624078333378,439.845886230469
0.0860273838043213,428.148498535156
0.12838539481163,472.057861328125
0.14204578101635,487.671020507812
0.104423739016056,463.133117675781
0.0378438904881477,462.16748046875
0.0571276769042015,408.124267578125
0.0976058766245842,425.249206542969
0.132055312395096,444.509582519531
0.152173116803169,453.633239746094
0.147347316145897,470.550689697266
0.14077490568161,489.661010742188
0.143623515963554,501.273254394531
0.141859948635101,515.010009765625
0.131940960884094,523.999206542969
0.133339360356331,529.488342285156
0.133552223443985,545.686706542969
0.132713481783867,548.426513671875
0.121601164340973,552.672485351562
0.11631565541029,566.003723144531
0.109324000775814,576.913330078125
0.107716210186481,590.654052734375
0.103232741355896,559.983215332031
0.11986892670393,506.781707763672
0.128391191363335,454.376953125
0.0975916609168053,386.1298828125
0.112942360341549,495.428649902344
0.109686836600304,511.980712890625
0.0688150152564049,463.248779296875
0.035817626863718,443.729949951172
0.0742261335253716,416.01025390625
0.10395573079586,437.670104980469
0.135679930448532,457.859741210938
0.149812772870064,467.099914550781
0.142588227987289,485.800598144531
0.135423019528389,506.750610351562
0.138975784182549,512.745544433594
0.142772540450096,515.47607421875
0.134656563401222,523.345275878906
0.129513129591942,527.390502929688
0.143000930547714,544.254638671875
0.144451066851616,546.7763671875
0.132166981697083,539.596862792969
0.130584850907326,542.072998046875
0.133301362395287,551.429931640625
0.12980392575264,571.698547363281
0.119788981974125,580.288696289062
0.119502142071724,558.068176269531
0.121186755597591,478.032958984375
0.12135873734951,422.830993652344
0.109513096511364,520.1513671875
0.10040982067585,658.155151367188
0.104358814656734,520.237182617188
0.0891149789094925,513.76123046875
0.0524957291781902,454.214172363281
0.0495468899607658,427.307464599609
0.0834952518343925,414.493591308594
0.110021859407425,444.182250976562
0.132095158100128,465.408905029297
0.147421956062317,468.012481689453
0.14492367208004,490.004241943359
0.146666958928108,506.169006347656
0.141078770160675,511.511322021484
0.13419646024704,516.058349609375
0.128260031342506,527.283264160156
0.126781821250916,537.06884765625
0.138043195009232,545.843444824219
0.146046966314316,542.021850585938
0.143902480602264,529.4775390625
0.136366650462151,524.162841796875
0.144096866250038,540.124816894531
0.145581811666489,549.22021484375
0.145892933011055,576.612365722656
0.133383974432945,588.526672363281
0.122363224625587,549.152404785156
0.137575164437294,461.87109375
0.125833049416542,431.176147460938
0.0811407938599586,396.729827880859
0.0944107174873352,555.402465820312
0.0746493637561798,535.0625
0.0474142208695412,468.882904052734
0.052449494600296,437.587249755859
0.0795262306928635,427.220092773438
0.109805576503277,453.280670166016
0.131240621209145,477.601806640625
0.14160917699337,486.040374755859
0.148769602179527,502.416442871094
0.149642914533615,509.095428466797
0.145936653017998,508.740051269531
0.142917200922966,513.166381835938
0.137158617377281,527.927490234375
0.131681427359581,545.22705078125
0.136738255620003,538.484802246094
0.145713463425636,525.072387695312
0.142911702394485,519.178833007812
0.129797279834747,514.935668945312
0.139137476682663,522.3203125
0.151538640260696,535.573364257812
0.156889095902443,558.680908203125
0.147515013813972,588.80810546875
0.129995539784431,584.412902832031
0.132567673921585,535.786437988281
0.136465355753899,464.925659179688
0.0844990462064743,441.097625732422
0.036158312112093,566.861022949219
0.0778872221708298,599.627014160156
0.0655822604894638,559.609619140625
0.0386958681046963,513.514953613281
0.052654355764389,465.518249511719
0.0791627243161201,430.158935546875
0.0992299541831017,432.951751708984
0.119697764515877,444.182769775391
0.130327761173248,493.475341796875
0.142799749970436,510.595092773438
0.147704303264618,518.031311035156
0.148772612214088,515.187316894531
0.145936116576195,522.92041015625
0.146596342325211,530.210388183594
0.140472337603569,530.006225585938
0.1391641497612,523.960815429688
0.138354063034058,512.58447265625
0.137459561228752,511.191345214844
0.131138280034065,517.620544433594
0.137652739882469,511.896911621094
0.140987545251846,521.798156738281
0.144910857081413,537.726806640625
0.148457124829292,562.90478515625
0.136230066418648,590.034606933594
0.131037265062332,573.455261230469
0.143118441104889,506.737396240234
0.136219203472137,449.945983886719
0.0879207700490952,481.22607421875
0.0645668804645538,652.068969726562
0.0854670181870461,575.603271484375
0.0421809442341328,466.247619628906
0.0540268421173096,464.539428710938
0.0709902048110962,464.718566894531
0.0917332023382187,466.782043457031
0.112049750983715,469.911560058594
0.1193817704916,453.713592529297
0.116196654736996,469.477661132812
0.133204698562622,517.344665527344
0.133332848548889,526.088928222656
0.13441501557827,535.918762207031
0.142803385853767,535.962707519531
0.138700395822525,525.062866210938
0.127591654658318,518.345581054688
0.133384227752686,518.4365234375
0.136332988739014,516.150024414062
0.131117835640907,518.865234375
0.130087271332741,508.929962158203
0.129947662353516,508.509399414062
0.13876149058342,530.942504882812
0.147111892700195,546.417602539062
0.139968007802963,574.588195800781
0.133314058184624,587.071350097656
0.145989015698433,561.37744140625
0.158771604299545,512.925903320312
0.125144734978676,428.993621826172
0.0807588845491409,448.325439453125
0.0686428397893906,669.496826171875
0.0973261073231697,632.931274414062
0.0606384091079235,456.730194091797
0.0545063130557537,413.666687011719
0.0705025047063828,442.021942138672
0.0801033303141594,483.641967773438
0.0938311219215393,494.860473632812
0.11279222369194,497.229858398438
0.120780192315578,478.525817871094
0.121080622076988,467.313110351562
0.122609578073025,526.943664550781
0.133203625679016,531.672912597656
0.136818453669548,531.19287109375
0.131867736577988,530.691955566406
0.13513645529747,530.946044921875
0.132896363735199,529.086181640625
0.132657930254936,527.895263671875
0.124827727675438,530.168701171875
0.128902912139893,518.916564941406
0.125394150614738,503.8212890625
0.1301339417696,507.619567871094
0.142882093787193,530.891723632812
0.148815616965294,546.689270019531
0.138007402420044,576.001220703125
0.131120413541794,570.991333007812
0.152355208992958,549.192932128906
0.147285208106041,478.226928710938
0.105217598378658,463.341949462891
0.0822724476456642,657.283325195312
0.0913586020469666,623.636840820312
0.090883769094944,778.088500976562
0.107896886765957,841.870849609375
0.0982279926538467,472.490875244141
0.0683172643184662,430.218872070312
0.063827857375145,441.81787109375
0.0755283012986183,491.169860839844
0.0876120701432228,494.365844726562
0.105187676846981,506.557800292969
0.134165912866592,514.921508789062
0.142640143632889,476.315856933594
0.126880809664726,507.857604980469
0.119168795645237,521.613708496094
0.136794969439507,513.829650878906
0.140292912721634,524.772583007812
0.136466547846794,529.075805664062
0.13786606490612,526.837524414062
0.138824418187141,525.572326660156
0.132054552435875,529.283020019531
0.124530576169491,526.295288085938
0.119171895086765,523.96484375
0.127560406923294,510.877990722656
0.135769262909889,518.700134277344
0.138130813837051,525.120849609375
0.132505655288696,546.064331054688
0.129147261381149,569.880737304688
0.142014563083649,559.697082519531
0.149682223796844,517.396362304688
0.114612452685833,453.068695068359
0.0697626024484634,502.039031982422
0.140810370445251,774.498413085938
0.11710400134325,552.778930664062
0.0777601599693298,468.682922363281
0.0767545104026794,451.636901855469
0.0756398811936378,478.0087890625
0.0966875404119492,483.057403564453
0.10936263948679,510.663299560547
0.112776778638363,521.365661621094
0.116976469755173,506.113891601562
0.114150695502758,455.742370605469
0.108896054327488,512.751953125
0.123755313456059,513.472778320312
0.143370449542999,519.809875488281
0.136339575052261,534.689575195312
0.138643324375153,530.20751953125
0.136995732784271,521.42138671875
0.142580360174179,523.152954101562
0.126090377569199,526.568969726562
0.115414172410965,528.735412597656
0.115223795175552,526.838623046875
0.130569025874138,530.373779296875
0.137059256434441,529.089965820312
0.13327057659626,533.01513671875
0.135833695530891,557.499267578125
0.14480347931385,563.595397949219
0.157719701528549,544.952697753906
0.137057855725288,487.159118652344
0.0899248793721199,467.357055664062
0.131910800933838,519.926574707031
0.11909943819046,624.645629882812
0.0974116101861,485.016326904297
0.0907470509409904,475.754028320312
0.0925566852092743,491.520141601562
0.101109981536865,491.345672607422
0.129802241921425,500.175354003906
0.132974371314049,525.311950683594
0.109584651887417,538.662353515625
0.0964587181806564,517.665710449219
0.0990480110049248,517.477233886719
0.102470144629478,529.458618164062
0.128054901957512,527.229370117188
0.130122885107994,542.590942382812
0.127572506666183,539.104125976562
0.125298351049423,532.941589355469
0.13401286303997,536.171142578125
0.126817718148232,532.36669921875
0.11871000379324,519.555541992188
0.115120232105255,525.1962890625
0.112155757844448,536.134765625
0.11793552339077,550.28466796875
0.122639827430248,546.069458007812
0.13463069498539,547.904296875
0.147106379270554,554.75927734375
0.144640356302261,552.726013183594
0.132684201002121,503.451080322266
0.0961829572916031,459.144226074219
0.0698259770870209,507.675384521484
0.125152483582497,743.417358398438
0.123430095613003,498.604248046875
0.102304376661777,465.012817382812
0.1080017760396,494.4228515625
0.113440275192261,514.873291015625
0.142713963985443,506.513549804688
0.161336213350296,493.362731933594
0.123271241784096,533.98876953125
0.147456958889961,492.38330078125
0.102722980082035,551.655822753906
0.0913025140762329,553.013305664062
0.111945487558842,538.504150390625
0.124944165349007,541.596740722656
0.114648915827274,540.050903320312
0.113686852157116,543.843078613281
0.112799011170864,548.2021484375
0.120641447603703,535.125915527344
0.119149811565876,522.113586425781
0.0997015088796616,523.577087402344
0.094646692276001,541.137084960938
0.10209246724844,559.971130371094
0.102999106049538,559.530212402344
0.118056558072567,544.123718261719
0.126695334911346,559.33740234375
0.134529024362564,554.965698242188
0.131916105747223,507.551330566406
0.105969354510307,452.995483398438
0.0874791890382767,433.218444824219
0.173286721110344,638.864135742188
0.115187898278236,501.373962402344
0.107416592538357,469.736877441406
0.117132350802422,501.217407226562
0.126562759280205,527.617858886719
0.146808207035065,527.315002441406
0.162121340632439,511.066772460938
0.146586865186691,528.334594726562
0.128658264875412,524.525024414062
0.144171014428139,513.446655273438
0.0957248732447624,556.107788085938
0.105057828128338,549.644592285156
0.111027359962463,544.6220703125
0.107358254492283,537.90625
0.0943138152360916,551.69482421875
0.0917111858725548,549.415222167969
0.107874289155006,538.021667480469
0.116097912192345,534.521179199219
0.103052511811256,528.306030273438
0.0925330221652985,536.870422363281
0.0765950381755829,558.661499023438
0.0860771685838699,552.046081542969
0.100600056350231,549.978576660156
0.104488834738731,569.120971679688
0.123499929904938,570.038879394531
0.122081957757473,501.245483398438
0.115309298038483,478.26513671875
0.0995818823575974,469.573181152344
0.117759950459003,653.200561523438
0.107463799417019,503.451293945312
0.121723644435406,463.222717285156
0.12595734000206,513.365417480469
0.132923245429993,547.826538085938
0.157769665122032,540.837036132812
0.16308668255806,538.37939453125
0.146372988820076,521.505554199219
0.137882098555565,509.331481933594
0.114275641739368,531.004760742188
0.112931407988071,547.15185546875
0.0951456949114799,570.735168457031
0.0921814292669296,561.594177246094
0.0945170074701309,544.920471191406
0.0937530472874641,544.811889648438
0.0821783468127251,554.192626953125
0.0900501236319542,543.051391601562
0.0987949073314667,541.917541503906
0.0903280600905418,545.97705078125
0.0838319212198257,552.605834960938
0.0668701156973839,557.300537109375
0.0468932278454304,548.459289550781
0.0626678988337517,554.691955566406
0.0813758745789528,565.421569824219
0.110733039677143,563.680297851562
0.114217698574066,526.610412597656
0.118645630776882,491.40380859375
0.101205892860889,463.301513671875
0.187750369310379,734.576782226562
0.0997045636177063,647.848693847656
0.0909611061215401,509.351013183594
0.112249948084354,488.003753662109
0.127254351973534,529.876220703125
0.153503268957138,559.065612792969
0.182561486959457,551.586486816406
0.174703449010849,557.9833984375
0.145465388894081,552.512939453125
0.126932069659233,515.68408203125
0.108931139111519,523.341979980469
0.120962262153625,503.346038818359
0.0843432545661926,586.377868652344
0.0924756303429604,569.804321289062
0.0975750312209129,555.606201171875
0.0968591123819351,546.210083007812
0.0780087634921074,554.530822753906
0.066972941160202,549.287048339844
0.0662012547254562,559.035888671875
0.0768982544541359,555.830749511719
0.0741330832242966,553.628479003906
0.0505372174084187,573.87255859375
0.0272086225450039,587.996520996094
0.0292296390980482,571.994506835938
0.0585836879909039,544.911010742188
0.0883769243955612,540.86083984375
0.108802080154419,526.287170410156
0.108234100043774,478.711029052734
0.0948309525847435,482.68896484375
0.105506837368011,506.729797363281
0.200654178857803,778.30810546875
0.0718294605612755,732.604248046875
0.0831856653094292,511.942474365234
0.0959769114851952,500.349243164062
0.11479426920414,500.233825683594
0.148941248655319,539.600341796875
0.189625531435013,563.521606445312
0.200905486941338,566.256225585938
0.181807562708855,560.426818847656
0.15263420343399,555.314636230469
0.123372748494148,554.354797363281
0.100864872336388,533.389831542969
0.102660045027733,507.076690673828
0.102917909622192,524.919189453125
0.0833182409405708,584.105224609375
0.0870227217674255,576.162353515625
0.0802757516503334,563.595581054688
0.0733058974146843,568.1142578125
0.0564810782670975,574.296508789062
0.0495539531111717,561.303527832031
0.0590756237506866,554.045471191406
0.0561786144971848,563.279418945312
0.0314152464270592,561.151977539062
0.0566713884472847,563.130126953125
0.0518918894231319,551.356262207031
0.0631116554141045,498.953643798828
0.0659610480070114,506.106903076172
0.0824977084994316,505.700317382812
0.101131372153759,463.527252197266
0.122032694518566,484.442047119141
0.128288879990578,508.278991699219
0.172998934984207,808.614807128906
0.149654880166054,794.633605957031
0.132520690560341,782.459899902344
0.144055753946304,913.532470703125
0.142219796776772,782.611694335938
0.142772540450096,737.98974609375
0.188571453094482,713.240295410156
0.184666559100151,735.93359375
0.121308915317059,848.623779296875
0.101587884128094,798.040161132812
0.0621295720338821,735.042724609375
0.0603591725230217,581.276489257812
0.0854325070977211,509.238464355469
0.1046102643013,508.486083984375
0.133275210857391,528.081726074219
0.166426301002502,565.65380859375
0.202422976493835,579.709594726562
0.204212620854378,588.034790039062
0.191313907504082,573.949645996094
0.170592918992043,551.383850097656
0.158951058983803,556.052001953125
0.11818865686655,537.348876953125
0.0750955119729042,565.6943359375
0.0845304280519485,526.45751953125
0.0636618584394455,625.132934570312
0.0683056339621544,610.154907226562
0.0651545226573944,595.704162597656
0.0687268301844597,577.540100097656
0.0465818829834461,590.040161132812
0.0297219529747963,577.463134765625
0.0420262366533279,580.111267089844
0.0361730195581913,587.466796875
0.0421244017779827,531.375549316406
0.0730649381875992,560.470153808594
0.0737827494740486,506.560668945312
0.0784894526004791,503.220825195312
0.102952793240547,485.50146484375
0.100465886294842,499.564880371094
0.107788793742657,465.502990722656
0.12690831720829,467.368469238281
0.134798213839531,560.813659667969
0.311816602945328,824.692626953125
0.0962887182831764,698.587951660156
0.0982677787542343,699.909973144531
0.114321053028107,710.919311523438
0.140221327543259,709.923095703125
0.128366187214851,653.882690429688
0.100605972111225,614.055725097656
0.0939705893397331,746.528930664062
0.0850850939750671,735.470336914062
0.0853294804692268,705.216430664062
0.0862236022949219,671.7412109375
0.0801338851451874,642.909118652344
0.0602501146495342,873.788696289062
0.0685174539685249,850.571411132812
0.0766385495662689,811.235107421875
0.0811445564031601,644.092163085938
0.0679795295000076,696.077758789062
0.0628395453095436,686.258056640625
0.0545994602143764,659.416137695312
0.0430236309766769,610.683776855469
0.0621427372097969,561.794799804688
0.0819267779588699,556.479614257812
0.0995123535394669,513.945373535156
0.114307917654514,508.982482910156
0.134782314300537,523.447509765625
0.160605445504189,538.090881347656
0.172390550374985,576.936889648438
0.209793448448181,572.764221191406
0.213082894682884,593.087890625
0.199295327067375,565.528930664062
0.171784535050392,547.949279785156
0.152214601635933,576.534301757812
0.120290018618107,554.483947753906
0.072658583521843,566.21826171875
0.062386441975832,554.282287597656
0.0714110732078552,598.491455078125
0.0595967434346676,642.328308105469
0.0501729175448418,622.835266113281
0.0615359023213387,556.890014648438
0.0268359202891588,616.134521484375
0.0284531135112047,595.513427734375
0.0391644276678562,589.502868652344
0.0488554276525974,520.084045410156
0.0608322992920876,525.242919921875
0.0900080725550652,500.776611328125
0.0758989229798317,496.629699707031
0.0801970213651657,507.039489746094
0.0915452241897583,490.475769042969
0.124619036912918,488.136962890625
0.141032189130783,462.767913818359
0.114509932696819,471.558166503906
0.138813525438309,532.946472167969
0.221328482031822,493.589599609375
0.278133064508438,812.445251464844
0.20787712931633,695.161926269531
0.165724739432335,765.433715820312
0.145229548215866,789.52685546875
0.132109433412552,775.362243652344
0.110820524394512,692.200256347656
0.0516987890005112,661.176391601562
0.0469311699271202,646.098571777344
0.0479248501360416,648.8330078125
0.0425474308431149,631.129516601562
0.0533401444554329,610.195190429688
0.0680376216769218,645.780517578125
0.0763005167245865,518.888671875
0.07758679240942,605.57470703125
0.0851383060216904,630.065307617188
0.0821839347481728,656.466796875
0.077512688934803,654.353393554688
0.0709390491247177,737.632080078125
0.0656164661049843,657.936157226562
0.0611783228814602,630.857055664062
0.0601571761071682,746.736267089844
0.0530263967812061,650.336669921875
0.0474932678043842,663.159484863281
0.0469496324658394,635.952514648438
0.0423892512917519,595.3994140625
0.0518449135124683,593.224609375
0.0619438551366329,573.415466308594
0.0752916857600212,570.177795410156
0.0873396620154381,557.062377929688
0.0919448882341385,540.114379882812
0.103411845862865,548.996948242188
0.115152157843113,519.455383300781
0.127151519060135,527.621887207031
0.140306636691093,539.627319335938
0.15523461997509,544.715576171875
0.17142990231514,555.586120605469
0.192782402038574,575.043823242188
0.203374356031418,583.330139160156
0.203524425625801,600.274536132812
0.185626164078712,594.103759765625
0.169775143265724,568.228759765625
0.140387520194054,586.471618652344
0.112244643270969,570.609252929688
0.077679842710495,554.143981933594
0.052694596350193,606.684326171875
0.05621387809515,632.34130859375
0.0761951133608818,559.806396484375
0.0413374975323677,632.906982421875
0.0279475562274456,626.791748046875
0.0356714427471161,638.525634765625
0.0501085855066776,615.760986328125
0.0542135275900364,519.134765625
0.0673407390713692,509.075286865234
0.0649252608418465,540.620422363281
0.0933900773525238,512.549194335938
0.128495931625366,481.9033203125
0.13158044219017,477.384063720703
0.067709892988205,516.772277832031
0.117872089147568,493.561645507812
0.165707737207413,469.045166015625
0.111953802406788,469.281921386719
0.164932802319527,527.656372070312
0.2451251745224,512.009033203125
0.324897468090057,768.481506347656
0.200357481837273,665.489990234375
0.152502730488777,828.579833984375
0.127875685691833,857.059692382812
0.100350610911846,792.604064941406
0.0810385271906853,723.152221679688
0.0550686866044998,714.902709960938
0.0392926819622517,707.332275390625
0.0535458847880363,597.406677246094
0.0664898753166199,594.667419433594
0.0526605248451233,582.051696777344
0.0299978349357843,573.982421875
0.0338808633387089,573.502380371094
0.0304164569824934,613.047790527344
0.0310666281729937,600.115295410156
0.033593412488699,588.836120605469
0.0384458377957344,591.882019042969
0.041332483291626,583.611938476562
0.0353860482573509,543.013793945312
0.0444501414895058,590.377807617188
0.0473013892769814,627.864868164062
0.0538848675787449,646.052185058594
0.0547853671014309,614.238586425781
0.0714720264077187,660.824096679688
0.0937861427664757,627.665100097656
0.1035992577672,619.834228515625
0.0602827966213226,666.584594726562
0.0531670115888119,717.617065429688
0.0577587336301804,556.675903320312
0.0518612787127495,678.326782226562
0.0628293678164482,605.55517578125
0.0605047903954983,647.996215820312
0.0722066760063171,589.02734375
0.0842493399977684,543.637145996094
0.0913197472691536,513.7880859375
0.0819030851125717,537.893188476562
0.0863624885678291,550.105712890625
0.101399168372154,537.811889648438
0.102254383265972,539.611267089844
0.11018767952919,532.706665039062
0.13069686293602,531.426025390625
0.142091363668442,549.852294921875
0.152523413300514,556.084289550781
0.171936020255089,557.305419921875
0.181123122572899,575.911865234375
0.193574115633965,577.792419433594
0.190581351518631,566.774047851562
0.188578724861145,589.340942382812
0.173499286174774,590.088562011719
0.155832856893539,574.890502929688
0.131487905979156,591.536926269531
0.101481534540653,572.089782714844
0.0702622309327126,562.764526367188
0.0414627939462662,632.370910644531
0.0434113219380379,679.717407226562
0.042772863060236,590.4345703125
0.0358035042881966,597.189636230469
0.0344760604202747,633.783020019531
0.0439288690686226,659.546813964844
0.071233943104744,592.21533203125
0.0752820521593094,559.063110351562
0.0807337015867233,529.9482421875
0.0812800377607346,502.429992675781
0.111550383269787,499.225830078125
0.182628512382507,479.114318847656
0.215687721967697,470.646240234375
0.183317616581917,480.922424316406
0.112206719815731,481.345062255859
0.164350003004074,443.219482421875
0.219141721725464,436.3173828125
0.22048394382,441.234802246094
0.25342720746994,483.927307128906
0.131094738841057,731.45361328125
0.201018795371056,805.968505859375
0.230792462825775,839.5283203125
0.115943253040314,635.870300292969
0.0996191278100014,738.942260742188
0.0754941254854202,705.948913574219
0.0686534866690636,665.656433105469
0.059220626950264,625.458068847656
0.0625719577074051,662.580078125
0.0792317613959312,661.092346191406
0.0692488625645638,638.195190429688
0.0676522180438042,622.3740234375
0.0633944869041443,624.785766601562
0.0649621933698654,625.465576171875
0.0600827634334564,630.06884765625
0.0584642589092255,637.670715332031
0.0575620606541634,628.839599609375
0.0589248612523079,618.090881347656
0.0625737309455872,601.836303710938
0.0640229061245918,614.709838867188
0.0537044182419777,609.50048828125
0.0467085503041744,566.404663085938
0.0424886643886566,584.647033691406
0.03280184045434,639.349670410156
0.0459419526159763,568.431701660156
0.0509288012981415,572.076354980469
0.0448604635894299,549.899536132812
0.0408440791070461,580.20751953125
0.0596214756369591,601.7294921875
0.0594598017632961,624.589538574219
0.0480391047894955,581.154541015625
0.0382305979728699,588.45556640625
0.0434284396469593,590.0380859375
0.0735065937042236,542.192626953125
0.0668219700455666,680.130554199219
0.0638747811317444,651.959594726562
0.0947063788771629,520.951232910156
0.0990121215581894,536.203125
0.104294508695602,522.293151855469
0.0940380692481995,552.295959472656
0.102644383907318,531.322631835938
0.117125913500786,520.81005859375
0.115872442722321,544.347290039062
0.118585459887981,545.360473632812
0.129719004034996,547.37060546875
0.147614195942879,552.967407226562
0.159901797771454,554.927307128906
0.177477583289146,562.8798828125
0.185089886188507,559.819519042969
0.180563598871231,557.033569335938
0.169700711965561,550.560424804688
0.1613450050354,592.871765136719
0.153288662433624,584.144470214844
0.12677438557148,567.239990234375
0.107202611863613,587.60009765625
0.0795997753739357,573.040588378906
0.0506812930107117,587.009765625
0.0251057092100382,706.611328125
0.0320868827402592,767.468811035156
0.0487759821116924,674.742004394531
0.0329567492008209,557.75341796875
0.0515161827206612,575.656127929688
0.0571218207478523,530.663452148438
0.0611264817416668,543.106384277344
0.0862702801823616,537.216918945312
0.0987733453512192,524.397277832031
0.089528314769268,509.192504882812
0.149266645312309,459.97216796875
0.214742094278336,470.2919921875
0.116816535592079,502.201354980469
0.116465270519257,502.157836914062
0.168858006596565,451.82568359375
0.181936919689178,434.610778808594
0.244793817400932,387.799530029297
0.315092861652374,426.773651123047
0.302408754825592,464.436462402344
0.173319846391678,495.016784667969
0.135546132922173,720.860107421875
0.130353450775146,642.188171386719
0.0831157043576241,897.780822753906
0.232902154326439,808.2470703125
0.249604001641273,798.48193359375
0.116291143000126,866.735717773438
0.111954636871815,804.619873046875
0.082895539700985,722.784545898438
0.061990350484848,623.218566894531
0.0685213282704353,583.020080566406
0.0733394920825958,638.406677246094
0.0732908025383949,637.498291015625
0.0699189305305481,674.85986328125
0.0717260390520096,699.358581542969
0.0709636360406876,709.586730957031
0.070146270096302,698.04931640625
0.0711738914251328,681.322265625
0.0724577754735947,661.05126953125
0.0780028626322746,663.120727539062
0.0748283937573433,670.77294921875
0.0770046189427376,663.968872070312
0.0813282430171967,643.093933105469
0.0780315324664116,624.431030273438
0.0738686993718147,621.572021484375
0.0694823935627937,630.560791015625
0.0635106638073921,608.513244628906
0.0576873756945133,604.737670898438
0.0501208193600178,625.164001464844
0.0556357055902481,578.117004394531
0.0756538435816765,545.410888671875
0.069118395447731,504.644104003906
0.0717863589525223,582.00927734375
0.0624260008335114,563.394165039062
0.0428336597979069,592.2333984375
0.0353227816522121,632.547241210938
0.0243579335510731,627.069885253906
0.0467997863888741,590.096557617188
0.0764056742191315,589.143920898438
0.0756564140319824,606.435424804688
0.064242921769619,643.048828125
0.063200332224369,554.605529785156
0.0766258090734482,532.801818847656
0.0969600230455399,584.6875
0.109178684651852,568.209289550781
0.104023694992065,566.234375
0.109804056584835,540.489196777344
0.116042636334896,526.514770507812
0.114464104175568,545.905944824219
0.11548925191164,555.626586914062
0.128931179642677,551.173461914062
0.155662342905998,530.601989746094
0.150535732507706,579.575439453125
0.180381670594215,573.658569335938
0.176655724644661,565.379150390625
0.162863478064537,551.807250976562
0.147593885660172,577.052185058594
0.142941072583199,596.054321289062
0.136179372668266,578.321044921875
0.116278968751431,563.22265625
0.0857808887958527,574.098510742188
0.0554480068385601,584.834106445312
0.0673644840717316,525.682922363281
0.0302971638739109,629.889038085938
0.0359924621880054,891.282287597656
0.0845609307289124,151.176300048828
0.0749573335051537,545.162231445312
0.0805434361100197,494.595886230469
0.0886549577116966,437.252868652344
0.0592053085565567,552.035888671875
0.0717470943927765,535.267150878906
0.0860486626625061,532.004089355469
0.15452553331852,456.793640136719
0.17731012403965,443.706451416016
0.170897588133812,489.984252929688
0.146028727293015,511.856750488281
0.142664849758148,496.930969238281
0.111973509192467,485.130126953125
0.226372003555298,434.3203125
0.247218072414398,387.270843505859
0.185778498649597,543.213012695312
0.189255505800247,536.671569824219
0.157877057790756,601.863586425781
0.0917633250355721,612.079345703125
0.0817948877811432,519.90625
0.0750848650932312,491.515380859375
0.0642774030566216,533.299438476562
0.0545479208230972,643.69189453125
0.0544104874134064,760.855224609375
0.0858910232782364,848.070739746094
0.0729753077030182,872.901123046875
0.0657682493329048,784.481689453125
0.0749201029539108,704.710632324219
0.0659616068005562,623.1396484375
0.0575339868664742,601.14599609375
0.0661025419831276,667.042358398438
0.0706907659769058,661.294616699219
0.0715606510639191,688.2919921875
0.0716073289513588,730.453796386719
0.0722134113311768,751.877624511719
0.083874948322773,755.498779296875
0.0903472155332565,740.860107421875
0.0823549255728722,709.759704589844
0.0778988972306252,690.595031738281
0.0768222436308861,675.287902832031
0.0754428878426552,649.357482910156
0.0716429576277733,670.166259765625
0.079292394220829,679.285278320312
0.089626856148243,669.7216796875
0.088314101099968,652.491455078125
0.0813204795122147,629.458251953125
0.0728916823863983,641.776794433594
0.0805295184254646,623.128051757812
0.0713051855564117,593.355163574219
0.0700086951255798,612.023681640625
0.0775699242949486,590.092529296875
0.077529065310955,563.718444824219
0.0713255852460861,572.991394042969
0.0762678161263466,575.258666992188
0.0899864658713341,565.092529296875
0.0923816114664078,536.975708007812
0.0643356367945671,541.070556640625
0.0399336367845535,562.867919921875
0.0500738807022572,543.28369140625
0.0913941562175751,544.009338378906
0.100103296339512,520.448669433594
0.0855674892663956,508.289215087891
0.071802169084549,566.838073730469
0.0647686570882797,556.301635742188
0.0839552879333496,552.928283691406
0.122095711529255,554.397094726562
0.125609412789345,559.511840820312
0.107874691486359,564.511413574219
0.112507872283459,516.315185546875
0.113760054111481,537.969543457031
0.107129253447056,550.51025390625
0.118146538734436,538.432495117188
0.126619711518288,553.55859375
0.127912074327469,602.647277832031
0.147417470812798,585.700439453125
0.137925043702126,562.331787109375
0.146218657493591,544.79052734375
0.13785719871521,547.8681640625
0.137655541300774,587.888244628906
0.125902429223061,588.493469238281
0.104044422507286,573.705322265625
0.0931390374898911,580.671264648438
0.0605747289955616,590.182250976562
0.0516068860888481,533.439392089844
0.0446901507675648,526.188720703125
0.0227378737181425,585.15185546875
0.0718106254935265,941.8154296875
0.0840796753764153,442.301086425781
0.103895761072636,483.876586914062
0.0665853917598724,522.830139160156
0.0824922993779182,509.222961425781
0.156722366809845,455.236999511719
0.120419837534428,485.837829589844
0.144265726208687,466.490783691406
0.183040961623192,472.783386230469
0.220534265041351,472.995391845703
0.150852888822556,489.250946044922
0.18646927177906,419.680419921875
0.240282267332077,394.216735839844
0.321947932243347,483.889678955078
0.100322142243385,553.4189453125
0.0963038727641106,520.464538574219
0.0635838061571121,462.327850341797
0.0469513833522797,472.150451660156
0.0346818417310715,474.988403320312
0.0296328496187925,502.894592285156
0.0269282385706902,505.072357177734
0.0300231631845236,528.617858886719
0.0328400619328022,551.784423828125
0.0366756319999695,543.608459472656
0.0475571565330029,542.385681152344
0.0611104816198349,571.533752441406
0.0698098316788673,644.893493652344
0.0783990100026131,716.837524414062
0.0801563113927841,759.372680664062
0.0746931284666061,755.328369140625
0.0828820243477821,762.593933105469
0.0856810957193375,760.757934570312
0.0908829420804977,755.158386230469
0.088296003639698,732.248901367188
0.0921024009585381,710.937255859375
0.0874450206756592,689.138793945312
0.0860965326428413,700.043334960938
0.0790176540613174,681.758361816406
0.0766226723790169,692.317749023438
0.0902589410543442,681.601135253906
0.0971209034323692,681.050354003906
0.0922377035021782,660.568420410156
0.0807316899299622,643.932495117188
0.0744341313838959,649.907165527344
0.0932602360844612,599.061401367188
0.0834278538823128,600.348083496094
0.0802733227610588,599.408325195312
0.081115610897541,589.886596679688
0.0648956671357155,593.433776855469
0.0734703466296196,571.393798828125
0.0857273936271667,566.130737304688
0.0883453041315079,559.038818359375
0.0870325863361359,541.84912109375
0.0633684247732162,555.635986328125
0.0455646030604839,584.078063964844
0.0519738458096981,577.243957519531
0.0947851166129112,528.221801757812
0.096347950398922,497.535827636719
0.0768229439854622,544.881591796875
0.0681680962443352,574.283142089844
0.0599841997027397,608.8818359375
0.0825791880488396,580.838317871094
0.114026002585888,547.240356445312
0.115718267858028,541.815795898438
0.0966128408908844,564.375061035156
0.0937478169798851,588.36376953125
0.103615440428257,552.587951660156
0.0803594812750816,614.158203125
0.0895470157265663,606.6669921875
0.0995528772473335,654.77685546875
0.104073844850063,558.185119628906
0.116326197981834,570.587524414062
0.120225757360458,587.805114746094
0.120964750647545,615.847473144531
0.137871131300926,546.059448242188
0.130002662539482,573.355895996094
0.116778090596199,583.950744628906
0.0822458043694496,597.835083007812
0.067874476313591,591.790466308594
0.0512485392391682,572.218139648438
0.03553756326437,544.818908691406
0.0228607915341854,585.949890136719
0.0271341558545828,688.004272460938
0.0714354515075684,325.621826171875
0.11936741322279,395.355224609375
0.0657067000865936,468.860961914062
0.109340272843838,449.067626953125
0.172817930579185,428.001159667969
0.102686665952206,452.476226806641
0.0942200198769569,482.543518066406
0.136510565876961,460.293823242188
0.154221743345261,460.112548828125
0.142385020852089,486.056701660156
0.173174530267715,384.682800292969
0.173858553171158,408.325958251953
0.247894331812859,570.640686035156
0.135380506515503,643.844970703125
0.0880008339881897,548.858093261719
0.080047681927681,466.420013427734
0.0521649979054928,463.149963378906
0.0462363809347153,469.899597167969
0.0474305115640163,497.328918457031
0.0569767318665981,537.727355957031
0.0704167783260345,573.15380859375
0.0746407434344292,603.275756835938
0.0768670737743378,615.68115234375
0.0781591981649399,627.685241699219
0.0813021957874298,647.978088378906
0.0843929052352905,696.513549804688
0.0803567469120026,744.244018554688
0.0870385617017746,772.306396484375
0.0914288908243179,775.977966308594
0.0912462621927261,768.981262207031
0.0924879908561707,759.496948242188
0.100615121424198,778.379333496094
0.0973770394921303,777.123718261719
0.0972805544734001,754.044555664062
0.0948609933257103,702.10791015625
0.0917209386825562,693.372802734375
0.0935497954487801,709.2568359375
0.0901331529021263,688.099060058594
0.0922031104564667,683.294921875
0.104793414473534,706.9755859375
0.0990557447075844,701.194580078125
0.0919978246092796,693.877197265625
0.0908693820238113,659.151428222656
0.0878099575638771,641.03662109375
0.0963593944907188,615.336486816406
0.0837813168764114,619.506652832031
0.0876479968428612,599.655883789062
0.0815679654479027,605.973571777344
0.0796143934130669,596.690063476562
0.0868745371699333,573.87255859375
0.0845629498362541,591.611938476562
0.0974601954221725,567.9501953125
0.0849223062396049,554.101623535156
0.0621001273393631,561.887573242188
0.0534599162638187,572.342590332031
0.0757050886750221,534.402770996094
0.0809666216373444,551.693969726562
0.085497722029686,541.802978515625
0.0768349170684814,536.370239257812
0.0560249760746956,582.714111328125
0.0624876618385315,599.586303710938
0.0874389410018921,562.99462890625
0.10251734405756,539.756408691406
0.0958783701062202,543.274780273438
0.0819647833704948,563.700622558594
0.0790091454982758,546.953735351562
0.0817212089896202,545.453430175781
0.0567110329866409,633.465759277344
0.046850647777319,698.152648925781
0.055664237588644,709.229431152344
0.0597801469266415,632.384033203125
0.0548819936811924,687.843017578125
0.0441913604736328,740.493408203125
0.0997669920325279,579.282592773438
0.113102041184902,547.799194335938
0.104855909943581,541.54296875
0.0823911502957344,576.455749511719
0.072884202003479,584.5732421875
0.058083314448595,556.297790527344
0.0246503241360188,582.6650390625
0.0319859161973,563.8134765625
0.0248053967952728,614.163696289062
0.0388752445578575,642.72705078125
0.127936705946922,555.997009277344
0.142126753926277,643.975708007812
0.126786097884178,581.008239746094
0.101031579077244,409.222595214844
0.153118580579758,471.370971679688
0.127745687961578,475.867919921875
0.108207777142525,469.601379394531
0.101898163557053,471.024322509766
0.105354860424995,469.235443115234
0.131500348448753,477.991271972656
0.130990579724312,414.008911132812
0.266301929950714,500.5625
0.327365309000015,445.063110351562
0.183236956596375,814.60107421875
0.0898957625031471,628.145202636719
0.0951245129108429,491.226867675781
0.0506958551704884,442.367126464844
0.0468207783997059,459.833862304688
0.0504483729600906,483.955322265625
0.0589044280350208,522.269226074219
0.0779653638601303,570.240417480469
0.0861884579062462,607.787048339844
0.0898526459932327,642.585327148438
0.0890107527375221,659.194885253906
0.0953477323055267,682.072204589844
0.096819132566452,698.971069335938
0.099318727850914,717.864868164062
0.0963442325592041,751.842895507812
0.0961986780166626,768.975341796875
0.102667160332203,771.117248535156
0.100143380463123,752.519226074219
0.104786284267902,762.794372558594
0.113880135118961,784.911865234375
0.109429888427258,777.330261230469
0.110239118337631,763.812744140625
0.103024542331696,741.825439453125
0.101442910730839,714.589538574219
0.106723442673683,705.533447265625
0.0991669371724129,692.086181640625
0.0979577973484993,690.416320800781
0.106351867318153,710.302368164062
0.0926748737692833,721.180297851562
0.101531282067299,687.786499023438
0.0994308143854141,651.803894042969
0.0874962285161018,631.062194824219
0.0823984667658806,636.318176269531
0.0785917267203331,628.331115722656
0.0891269668936729,611.085876464844
0.0897631421685219,608.935241699219
0.0916948541998863,587.932556152344
0.082484133541584,594.47412109375
0.0911164879798889,598.467407226562
0.0974763929843903,595.509887695312
0.0767438486218452,569.127685546875
0.0534314475953579,569.447998046875
0.0449111200869083,576.81103515625
0.0578051395714283,569.606872558594
0.0597486793994904,590.293212890625
0.0774867460131645,558.099487304688
0.0771160870790482,551.298950195312
0.043284647166729,599.723205566406
0.0585676021873951,590.21533203125
0.0916003063321114,554.950500488281
0.0934290364384651,542.43408203125
0.0924529805779457,552.278869628906
0.0821719989180565,596.264221191406
0.0699792578816414,607.569213867188
0.0673208087682724,547.410095214844
0.062711775302887,594.653686523438
0.047980185598135,670.651000976562
0.0343926511704922,733.727600097656
0.028915211558342,702.775573730469
0.0308393221348524,793.354553222656
0.033795453608036,725.775695800781
0.0640164986252785,592.688110351562
0.0788121372461319,556.204833984375
0.074166364967823,547.767822265625
0.076039046049118,529.221801757812
0.0504651814699173,614.307250976562
0.0357235707342625,568.611755371094
0.0310357827693224,603.521484375
0.0312095917761326,581.874450683594
0.0215277466922998,493.010467529297
0.0780574306845665,375.751037597656
0.310403972864151,293.400085449219
0.172937899827957,557.038696289062
0.162060931324959,501.02490234375
0.223192617297173,448.754241943359
0.134042203426361,447.602783203125
0.244871243834496,411.45068359375
0.251592189073563,437.531616210938
0.111136227846146,432.310241699219
0.127447009086609,421.371398925781
0.0989320501685143,449.312561035156
0.223273262381554,443.307739257812
0.292126417160034,636.118530273438
0.117020107805729,642.556030273438
0.0731726139783859,521.80322265625
0.067944161593914,448.337554931641
0.0525781996548176,456.8369140625
0.0530733801424503,466.601745605469
0.0583361573517323,490.816741943359
0.0683911144733429,528.4052734375
0.0830650180578232,575.895690917969
0.0865650996565819,594.150024414062
0.0889222770929337,612.898681640625
0.102164931595325,655.673583984375
0.107482075691223,674.67138671875
0.104103319346905,705.252868652344
0.105425551533699,727.32568359375
0.103773966431618,756.146484375
0.108696319162846,764.380737304688
0.110302276909351,755.941955566406
0.108637183904648,756.9375
0.11514775454998,772.052917480469
0.113227181136608,776.338623046875
0.115297362208366,764.788940429688
0.116218954324722,762.364013671875
0.113290354609489,757.268310546875
0.109837844967842,734.832275390625
0.104310117661953,708.779479980469
0.09686379134655,687.722534179688
0.0991533920168877,698.275512695312
0.0935077369213104,709.041931152344
0.0982604995369911,676.99462890625
0.109023042023182,649.874755859375
0.101239293813705,644.925720214844
0.0936968624591827,623.548278808594
0.0958796069025993,601.174743652344
0.0943538695573807,589.025268554688
0.0974699854850769,587.12158203125
0.106482356786728,564.079162597656
0.103695504367352,566.870056152344
0.0961918905377388,584.719848632812
0.101066373288631,597.740295410156
0.0983748957514763,609.088928222656
0.0772744342684746,566.954833984375
0.0546769350767136,586.14013671875
0.0516818575561047,575.497924804688
0.0710947960615158,574.35888671875
0.0635144338011742,612.335327148438
0.0751880928874016,564.030517578125
0.0698007717728615,571.382568359375
0.0454865843057632,605.485229492188
0.0583889074623585,593.25390625
0.0729967281222343,594.876403808594
0.0924589857459068,548.628112792969
0.0969400033354759,600.401611328125
0.0888078734278679,627.007934570312
0.0844392478466034,623.955078125
0.0796878784894943,543.418884277344
0.070142850279808,549.91796875
0.0575441382825375,633.814331054688
0.0429843179881573,660.765625
0.0241570193320513,778.521850585938
0.0363528244197369,730.294677734375
0.0336981862783432,701.555419921875
0.0463816523551941,591.769958496094
0.068111851811409,553.847106933594
0.0607742667198181,528.95361328125
0.0663456171751022,578.612182617188
0.0402510389685631,614.376586914062
0.0301817003637552,639.20849609375
0.0300351902842522,589.477172851562
0.0347205325961113,607.275817871094
0.0721581056714058,380.736267089844
0.112620681524277,417.978118896484
0.106504991650581,398.915191650391
0.338480263948441,389.628112792969
0.273009896278381,509.590423583984
0.231161907315254,407.78955078125
0.24357858300209,453.206634521484
0.224669381976128,370.099243164062
0.117168925702572,418.295532226562
0.144566386938095,406.11767578125
0.182955026626587,393.249664306641
0.182096779346466,441.186401367188
0.21717195212841,432.628479003906
0.121915683150291,456.319091796875
0.0871721357107162,551.933166503906
0.079315185546875,479.850219726562
0.0620300099253654,467.974182128906
0.0527983158826828,470.741455078125
0.056880846619606,485.072265625
0.0556102283298969,510.9609375
0.0706741288304329,548.275634765625
0.0856314301490784,590.422180175781
0.102279119193554,624.553466796875
0.104859285056591,648.779418945312
0.107461698353291,662.486633300781
0.10800089687109,698.811767578125
0.109429158270359,738.86083984375
0.118127852678299,763.615783691406
0.114542245864868,767.22705078125
0.120475627481937,766.252319335938
0.119137451052666,766.610900878906
0.114496864378452,769.984191894531
0.117171369493008,786.110961914062
0.113450706005096,791.95458984375
0.11606901884079,764.11767578125
0.108242690563202,766.328491210938
0.0999004766345024,757.464172363281
0.0981484949588776,739.326171875
0.0950922667980194,713.280456542969
0.10053338855505,698.457458496094
0.107131980359554,686.831359863281
0.107918404042721,667.319030761719
0.10730592161417,638.836120605469
0.120028257369995,630.238891601562
0.114547207951546,631.045227050781
0.104755356907845,591.098999023438
0.0926424041390419,539.362182617188
0.0853374823927879,586.25634765625
0.0836886167526245,498.451965332031
0.105721995234489,505.837158203125
0.11211010068655,520.925415039062
0.113333307206631,550.281494140625
0.113585755228996,576.322875976562
0.105287626385689,567.976684570312
0.0812690407037735,562.123901367188
0.072242945432663,600.082397460938
0.0737567320466042,570.604248046875
0.0703685134649277,575.112365722656
0.0677263587713242,629.374694824219
0.0607423931360245,585.336547851562
0.062755398452282,601.04345703125
0.0447047352790833,619.361206054688
0.0525542832911015,624.396057128906
0.073555126786232,582.510620117188
0.0835589095950127,568.052795410156
0.091142475605011,615.96142578125
0.0924551784992218,639.926818847656
0.0903412774205208,641.514343261719
0.0805297717452049,613.274841308594
0.0771539136767387,596.192077636719
0.0560807846486568,638.234802246094
0.0289318710565567,653.414123535156
0.0395721755921841,781.082824707031
0.0612019188702106,748.641357421875
0.0270333457738161,636.468139648438
0.0487433262169361,573.86572265625
0.069076307117939,542.74609375
0.0624148175120354,537.6943359375
0.0493213720619678,597.884948730469
0.0403306111693382,645.843444824219
0.0338188521564007,649.632202148438
0.056808814406395,365.740081787109
0.0692593529820442,343.716339111328
0.0593632161617279,513.934326171875
0.0930122584104538,416.306640625
0.069653183221817,434.536651611328
0.100874930620193,583.42919921875
0.213413432240486,444.237701416016
0.252258747816086,630.523986816406
0.311250060796738,510.450378417969
0.248355314135551,165.732528686523
0.231710076332092,495.372009277344
0.21645151078701,392.129211425781
0.201311856508255,405.953430175781
0.22482593357563,247.460113525391
0.127406850457191,392.620727539062
0.149715736508369,386.032287597656
0.180820196866989,457.004821777344
0.22832852602005,440.727722167969
0.254364639520645,397.901092529297
0.099823035299778,569.201843261719
0.0815022215247154,507.945190429688
0.0807273238897324,459.515380859375
0.0699560344219208,480.454620361328
0.0605610348284245,492.157257080078
0.0667452737689018,520.480224609375
0.068474717438221,540.338256835938
0.0820496082305908,575.78271484375
0.0977317467331886,622.192321777344
0.106376625597477,657.72265625
0.108880259096622,678.457702636719
0.109977230429649,692.8076171875
0.107634179294109,726.229858398438
0.106728710234165,763.308044433594
0.113871023058891,780.993225097656
0.111545845866203,783.8056640625
0.114041559398174,781.468566894531
0.11343041062355,780.248962402344
0.106527119874954,769.272888183594
0.108929432928562,769.510498046875
0.106533631682396,769.35009765625
0.106258019804955,764.112609863281
0.101945094764233,746.079284667969
0.102218627929688,747.4013671875
0.111621201038361,726.13427734375
0.118158876895905,703.419555664062
0.131860435009003,684.153564453125
0.138150259852409,650.778442382812
0.130771905183792,620.936340332031
0.130675554275513,613.813842773438
0.132318496704102,648.153503417969
0.122266560792923,500.824462890625
0.0820326507091522,516.523193359375
0.0663059875369072,542.301513671875
0.0472647808492184,646.697387695312
0.0832366421818733,623.290649414062
0.091520644724369,529.801086425781
0.101506538689137,523.036010742188
0.0906007513403893,469.668609619141
0.0931918546557426,483.26123046875
0.0828266516327858,555.276245117188
0.0828509032726288,572.972961425781
0.080550380051136,541.054443359375
0.0879246070981026,538.155883789062
0.0976371169090271,573.4765625
0.0812114924192429,587.312744140625
0.0675308853387833,589.99169921875
0.0639908239245415,619.122253417969
0.0548168644309044,625.562072753906
0.0627057179808617,639.403442382812
0.0729493871331215,583.940490722656
0.0829352959990501,626.21826171875
0.079010970890522,644.744873046875
0.0821408480405807,653.446655273438
0.0796855315566063,645.382080078125
0.0758279711008072,619.072937011719
0.0688160136342049,615.524963378906
0.049385879188776,576.378234863281
0.0305150747299194,631.512878417969
0.0616488270461559,678.795471191406
0.0426991432905197,603.544006347656
0.0402556397020817,586.248413085938
0.0564050115644932,499.602233886719
0.0605077967047691,535.946105957031
0.0455795451998711,570.238403320312
0.0457512438297272,634.677124023438
0.046079333871603,668.159118652344
0.0633760765194893,513.415649414062
0.127174094319344,316.373352050781
0.0779727920889854,312.518859863281
0.090168870985508,318.687622070312
0.122646480798721,550.111206054688
0.124848641455173,551.599487304688
0.142191380262375,511.705322265625
0.188955292105675,529.08837890625
0.341795206069946,465.640197753906
0.165769472718239,801.095703125
0.221519514918327,349.639770507812
0.259812951087952,578.397277832031
0.166766047477722,458.359436035156
0.139646410942078,446.846435546875
0.10098385065794,460.885131835938
0.177077412605286,371.434356689453
0.0791467800736427,365.370178222656
0.300829172134399,418.261474609375
0.228838369250298,451.240325927734
0.25291320681572,459.6748046875
0.0960908755660057,556.5146484375
0.0825681015849113,492.851959228516
0.0799880400300026,460.43115234375
0.0773401185870171,492.302642822266
0.0652272179722786,531.012329101562
0.0631177723407745,557.315063476562
0.0794330388307571,591.976135253906
0.0871065557003021,639.064880371094
0.0914474502205849,686.990478515625
0.0971989333629608,716.545654296875
0.093574620783329,721.008117675781
0.0946059301495552,737.059509277344
0.0989337563514709,775.331237792969
0.0992387384176254,792.097778320312
0.0965687781572342,801.14013671875
0.092984713613987,787.171264648438
0.10092505812645,784.622497558594
0.0967483073472977,780.609619140625
0.0930347740650177,773.250793457031
0.105507381260395,760.388488769531
0.10997186601162,745.931762695312
0.123384743928909,738.617309570312
0.131808817386627,732.082153320312
0.133254572749138,720.50244140625
0.13679364323616,670.712890625
0.133392930030823,645.377807617188
0.135484844446182,624.26513671875
0.112357243895531,570.406921386719
0.131572782993317,614.228149414062
0.135604009032249,567.335327148438
0.0462206900119781,574.71728515625
0.0638229176402092,379.795349121094
0.0611299127340317,391.688537597656
0.0761175230145454,488.847137451172
0.0648400634527206,532.449035644531
0.0727004557847977,460.925170898438
0.0965428799390793,509.752410888672
0.0804461240768433,500.316741943359
0.0706464946269989,559.548400878906
0.0696249008178711,607.646728515625
0.0638863146305084,640.770263671875
0.0680858269333839,594.432189941406
0.0629544630646706,595.037902832031
0.06184246763587,671.868713378906
0.0580568760633469,679.070556640625
0.064020499587059,670.65869140625
0.0743319764733315,589.8720703125
0.066292405128479,567.336242675781
0.050536397844553,610.869018554688
0.0433955118060112,566.178344726562
0.0369235947728157,557.006408691406
0.0462215840816498,587.307373046875
0.0407739654183388,622.965576171875
0.0451712980866432,578.330749511719
0.0833673700690269,486.552673339844
0.0699741989374161,489.250793457031
0.0493952967226505,589.802856445312
0.0633023008704185,657.235778808594
0.0771889910101891,585.897338867188
0.16300468146801,269.338592529297
0.143204256892204,318.110473632812
0.0874942317605019,499.048583984375
0.0803203284740448,544.814086914062
0.0620231851935387,519.011352539062
0.110447838902473,552.539611816406
0.155720978975296,530.581909179688
0.174599543213844,562.64208984375
0.27799665927887,613.5859375
0.25529670715332,565.313049316406
0.316310375928879,551.703735351562
0.325247377157211,458.378356933594
0.268227607011795,455.229614257812
0.201542854309082,346.998657226562
0.196534395217896,455.066558837891
0.17601814866066,417.803070068359
0.0830481424927711,445.955993652344
0.212677627801895,418.58544921875
0.149654418230057,554.284301757812
0.192525044083595,647.432495117188
0.0958719104528427,571.457153320312
0.0740142315626144,491.672546386719
0.0807963162660599,489.095703125
0.0715612322092056,528.279479980469
0.0691325217485428,577.129211425781
0.0667401775717735,606.207641601562
0.0739219412207603,643.851196289062
0.0800453424453735,688.8583984375
0.0812179148197174,721.572448730469
0.0784416869282722,733.248229980469
0.0779100954532623,734.615600585938
0.0811102986335754,747.57861328125
0.0787613093852997,762.609008789062
0.0866509675979614,771.8701171875
0.0860868021845818,769.821533203125
0.0834922641515732,770.20849609375
0.0966203957796097,784.194458007812
0.105920664966106,776.851684570312
0.109681069850922,762.467041015625
0.130344063043594,732.816833496094
0.106372840702534,643.870239257812
0.12198893725872,612.302612304688
0.133183762431145,604.912780761719
0.126606836915016,586.612365722656
0.116414278745651,552.997131347656
0.132521107792854,622.519836425781
0.108646549284458,600.300720214844
0.0870467200875282,645.073608398438
0.0772072449326515,544.93798828125
0.0508244521915913,493.456207275391
0.0653664246201515,542.125732421875
0.0710106119513512,499.966796875
0.0627364218235016,534.872314453125
0.0711036622524261,580.036499023438
0.0789480805397034,640.546447753906
0.0745257362723351,589.852294921875
0.0689818933606148,591.224975585938
0.0659148916602135,684.818054199219
0.0589803420007229,693.789001464844
0.0741174221038818,610.302490234375
0.0665858760476112,603.789855957031
0.0428923964500427,620.345764160156
0.0419726558029652,561.1201171875
0.0427068397402763,547.326110839844
0.0459605045616627,535.889587402344
0.0496888682246208,590.221130371094
0.0466030575335026,584.06298828125
0.0400666706264019,555.937133789062
0.0574320815503597,479.264709472656
0.0750105306506157,492.8486328125
0.0732055753469467,568.237548828125
0.130521506071091,618.293579101562
0.140992745757103,606.874389648438
0.104489013552666,234.37109375
0.117352575063705,496.226226806641
0.115958794951439,523.048706054688
0.100407712161541,533.153076171875
0.083776094019413,529.615600585938
0.126625075936317,525.832763671875
0.172711417078972,570.977416992188
0.187588229775429,495.704010009766
0.211385786533356,477.344116210938
0.263031184673309,533.968872070312
0.291406124830246,484.808227539062
0.222256034612656,440.662963867188
0.18367500603199,434.072998046875
0.343682676553726,275.043487548828
0.169461652636528,311.165069580078
0.107539057731628,394.364929199219
0.0894231051206589,396.952087402344
0.153656348586082,424.864501953125
0.253933370113373,437.033935546875
0.159178122878075,608.264770507812
0.0738208144903183,603.702392578125
0.0685069784522057,520.987548828125
0.0872054845094681,485.787231445312
0.0778337121009827,517.660888671875
0.0797568559646606,576.622253417969
0.0789227038621902,616.2138671875
0.0777513012290001,652.328674316406
0.0797495245933533,680.582824707031
0.0777408629655838,702.708801269531
0.074183002114296,721.633422851562
0.0759411081671715,736.001159667969
0.0699104145169258,740.051635742188
0.0709175020456314,743.837524414062
0.078624464571476,744.885620117188
0.0945098772644997,726.605590820312
0.100086264312267,705.557067871094
0.110118806362152,699.435668945312
0.12245437502861,653.345031738281
0.124927930533886,627.253356933594
0.125105410814285,584.950256347656
0.133865147829056,528.57275390625
0.121711738407612,558.881958007812
0.120316043496132,591.717895507812
0.106632612645626,554.94091796875
0.0832302421331406,650.64306640625
0.0793318375945091,606.532653808594
0.06353360414505,398.123046875
0.0699689760804176,533.581665039062
0.0576269328594208,504.729217529297
0.0798920318484306,529.989929199219
0.0811390802264214,555.894165039062
0.0843373984098434,555.885131835938
0.0936397910118103,621.948669433594
0.0885800868272781,624.371887207031
0.074773758649826,571.198791503906
0.0568369887769222,558.532348632812
0.058082714676857,551.8779296875
0.054392796009779,548.5849609375
0.0471510998904705,536.918212890625
0.0496772266924381,528.09033203125
0.0450071766972542,523.259460449219
0.0344215892255306,542.929931640625
0.0265157036483288,528.657470703125
0.034347377717495,516.366455078125
0.0965372025966644,507.471252441406
0.179074063897133,524.761596679688
0.181523978710175,487.538421630859
0.194385930895805,494.902313232422
0.161165073513985,526.486267089844
0.133338376879692,527.205383300781
0.133224248886108,533.391235351562
0.144260287284851,553.468139648438
0.144032776355743,548.762634277344
0.149471655488014,518.36865234375
0.240108639001846,505.083435058594
0.182334870100021,420.777740478516
0.144724130630493,348.232391357422
0.162627622485161,508.124633789062
0.288263320922852,477.258056640625
0.167980432510376,317.736572265625
0.174516260623932,374.103546142578
0.27717849612236,307.565856933594
0.303089141845703,283.488555908203
0.258175045251846,445.752075195312
0.208166763186455,441.111694335938
0.208450734615326,486.467102050781
0.0758211240172386,515.313354492188
0.060819786041975,511.059265136719
0.0835682451725006,490.554748535156
0.0893562808632851,464.111206054688
0.0893267244100571,490.8330078125
0.0889991372823715,547.106567382812
0.090067058801651,581.823852539062
0.0909228697419167,605.451416015625
0.0855962559580803,629.963012695312
0.101724535226822,648.822998046875
0.101646736264229,654.249572753906
0.0930216237902641,653.888610839844
0.104160837829113,656.383239746094
0.0995396226644516,608.297790527344
0.116850599646568,587.778442382812
0.1145049482584,549.189086914062
0.114683829247952,561.70263671875
0.123154565691948,555.119506835938
0.113754957914352,545.765930175781
0.116890870034695,606.349792480469
0.115822598338127,455.255249023438
0.0424847714602947,742.9990234375
0.0434939749538898,766.485595703125
0.0362618006765842,794.496276855469
0.0420388616621494,679.806091308594
0.033041100949049,699.98583984375
0.0291757769882679,673.547180175781
0.0417224653065205,525.84765625
0.05120600014925,536.745544433594
0.0800045058131218,500.452941894531
0.0933939814567566,510.108032226562
0.10031121969223,557.23876953125
0.0995862558484077,562.018981933594
0.0913119465112686,522.901062011719
0.0749267265200615,529.919982910156
0.0767792910337448,535.076904296875
0.0761062055826187,536.282470703125
0.0695407539606094,521.139404296875
0.0600608810782433,509.512145996094
0.0458638221025467,521.798767089844
0.0265896786004305,509.683349609375
0.0332130156457424,498.118041992188
0.0705512315034866,530.669738769531
0.112234763801098,607.196044921875
0.129907295107841,667.020202636719
0.101880669593811,598.192077636719
0.131278738379478,490.109039306641
0.124291263520718,471.507568359375
0.131474316120148,482.657196044922
0.117894992232323,528.808776855469
0.157511621713638,537.621704101562
0.164857313036919,570.029113769531
0.169617608189583,553.687194824219
0.183763936161995,490.945434570312
0.223605573177338,380.578186035156
0.165455982089043,248.176025390625
0.158126100897789,457.826904296875
0.242144748568535,415.429931640625
0.162461921572685,444.197631835938
0.161994352936745,188.801834106445
0.200637951493263,431.412506103516
0.259856641292572,457.715118408203
0.0627838000655174,529.268371582031
0.0752489939332008,502.965148925781
0.0952809527516365,481.097229003906
0.087626077234745,474.546173095703
0.0906866267323494,465.671661376953
0.106372207403183,468.053161621094
0.11422998458147,497.509552001953
0.110799878835678,489.38818359375
0.115625150501728,490.072265625
0.109561428427696,479.999206542969
0.104400895535946,502.803161621094
0.10926192253828,512.0927734375
0.112663395702839,492.447021484375
0.116440609097481,525.796630859375
0.108549013733864,514.280029296875
0.0991921648383141,526.792114257812
0.0891354605555534,424.465087890625
0.449022442102432,82.960205078125
0.0681785270571709,661.672912597656
0.0420221649110317,602.907104492188
0.0449255406856537,700.555969238281
0.0458099544048309,680.717468261719
0.0495886653661728,574.081665039062
0.051984641700983,581.028991699219
0.0474018342792988,603.727294921875
0.0393050611019135,616.27197265625
0.0307640191167593,606.358032226562
0.0314941480755806,598.819396972656
0.0256979074329138,611.408630371094
0.0297391749918461,657.742553710938
0.0624914281070232,676.237365722656
0.0335224606096745,406.400451660156
0.0748290196061134,564.232666015625
0.0829881131649017,478.083923339844
0.0822945162653923,541.245727539062
0.0898354947566986,529.929870605469
0.085954874753952,534.31591796875
0.0915290862321854,509.947204589844
0.0993774235248566,521.909423828125
0.0978596732020378,487.457336425781
0.0770617946982384,499.798767089844
0.0654390305280685,540.494384765625
0.0505128875374794,513.590576171875
0.0470417030155659,480.345886230469
0.0708107873797417,511.005676269531
0.110090993344784,528.556030273438
0.137826904654503,618.244812011719
0.160857349634171,576.86767578125
0.102692194283009,514.431823730469
0.0804405063390732,499.045532226562
0.154074087738991,530.199768066406
0.155174419283867,506.787170410156
0.120571196079254,470.138427734375
0.0975364744663239,521.662719726562
0.175390735268593,549.337768554688
0.129266232252121,502.930480957031
0.1175547093153,482.677551269531
0.169288203120232,433.522735595703
0.13926474750042,426.396606445312
0.163549393415451,338.343414306641
0.155121013522148,466.673645019531
0.170205876231194,461.300537109375
0.173097893595695,464.207977294922
0.154129028320312,443.514617919922
0.127524167299271,361.332641601562
0.101573415100574,475.539733886719
0.105080038309097,524.579223632812
0.0792110413312912,548.986877441406
0.0866458937525749,533.093688964844
0.0856549441814423,547.97314453125
0.0841201543807983,569.0283203125
0.0899638384580612,569.027648925781
0.0837434530258179,546.540466308594
0.0971828699111938,488.365051269531
0.0952815264463425,427.474853515625
0.0814074128866196,505.296813964844
0.0933113619685173,322.981658935547
0.112133115530014,184.464981079102
0,0
0,0
0.0550081320106983,690.889099121094
0.0445310845971107,760.435485839844
0.0436456128954887,572.022399902344
0.0543352514505386,598.689575195312
0.056068804115057,617.275329589844
0.0504995472729206,751.368469238281
0.0571307316422462,619.634704589844
0.0540776252746582,566.098815917969
0.0502782911062241,559.673889160156
0.0409857258200645,596.988830566406
0.0427471213042736,583.905944824219
0.0471568703651428,598.146484375
0.0494498759508133,612.770629882812
0.0498246699571609,614.770141601562
0.0405614972114563,639.722412109375
0.0361391715705395,634.449645996094
0.0163563042879105,684.10107421875
0.0273453798145056,670.927673339844
0.0373318828642368,671.945068359375
0.0442384891211987,657.893615722656
0.0719045177102089,642.002990722656
0.0682457387447357,529.656433105469
0.0959246531128883,625.324035644531
0.0958776772022247,578.580871582031
0.105153799057007,495.475952148438
0.114564053714275,480.311157226562
0.115190483629704,467.58203125
0.068848580121994,505.982849121094
0.199860617518425,551.197875976562
0.113954156637192,519.360473632812
0.0758989453315735,526.536865234375
0.093411311507225,513.431091308594
0.10987277328968,525.275085449219
0.0976809114217758,546.512817382812
0.119384735822678,528.380187988281
0.125298395752907,507.520690917969
0.104399718344212,457.934356689453
0.0918629094958305,522.800903320312
0.110241115093231,517.074768066406
0.102321296930313,523.285400390625
0.101880922913551,554.730712890625
0.103445418179035,521.367126464844
0.110931731760502,543.412719726562
0.200433313846588,423.186279296875
0.171937108039856,331.335021972656
0.18462347984314,470.461975097656
0.198995918035507,440.30126953125
0.174212232232094,465.102783203125
0.221085131168365,455.609802246094
0.304161101579666,507.767517089844
0.236560940742493,400.520141601562
0.180258423089981,227.849578857422
0.27953040599823,158.796905517578
0.036000918596983,604.31640625
0.0648971423506737,572.507263183594
0.0570442341268063,683.732543945312
0.0605619847774506,686.242553710938
0.0796409770846367,592.949645996094
0.0675202757120132,599.194763183594
0.0570110343396664,587.72216796875
0.050555806607008,573.170532226562
0.0404866337776184,593.861389160156
0.0307413171976805,610.270568847656
0.0331205241382122,616.796691894531
0.0364346466958523,599.523620605469
0.0501331873238087,590.029479980469
0.0540855638682842,591.885925292969
0.0556184500455856,594.48583984375
0.0423473678529263,606.290710449219
0.0181586816906929,605.606323242188
0.0303700771182775,660.975341796875
0.0330992676317692,647.590270996094
0.0404951795935631,635.019958496094
0.0556379593908787,587.272827148438
0.0437446348369122,685.073974609375
0.114209376275539,576.181640625
0.0949719920754433,698.904663085938
0.131261751055717,498.042297363281
0.133090913295746,455.376220703125
0.0848313570022583,498.689758300781
0.189006730914116,493.850982666016
0.0875732526183128,482.033599853516
0.0915663689374924,498.708557128906
0.0938860327005386,494.701416015625
0.0721649974584579,491.162353515625
0.0730363428592682,503.858947753906
0.0850914716720581,509.004089355469
0.0892621651291847,500.197479248047
0.0735757127404213,472.921234130859
0.0633105784654617,538.614013671875
0.0741859301924706,522.063598632812
0.0643993765115738,524.304077148438
0.0999270081520081,533.783020019531
0.106437474489212,481.191772460938
0.121181182563305,516.176025390625
0.194182351231575,474.943878173828
0.2003103941679,387.679748535156
0.0853626504540443,411.357849121094
0.13522769510746,468.203063964844
0.290967971086502,473.695922851562
0,0
0.263296157121658,70.3793487548828
0.0927603021264076,734.25537109375
0.062710739672184,845.437622070312
0.138646900653839,664.119873046875
0.075942225754261,512.155822753906
0.0466631837189198,585.846130371094
0.0883409902453423,562.911254882812
0.0790776759386063,555.96484375
0.0614853613078594,568.397644042969
0.0516191236674786,591.083862304688
0.030286556109786,563.300476074219
0.0354978628456593,606.119506835938
0.0336531139910221,574.401977539062
0.0423525646328926,582.555786132812
0.0405089221894741,556.460876464844
0.0312317498028278,557.439453125
0.0302874911576509,569.898559570312
0.0232720300555229,568.382446289062
0.0183698982000351,555.411315917969
0.0221504401415586,568.1669921875
0.0407457761466503,623.176025390625
0.0458111390471458,591.647583007812
0.0496531315147877,553.876892089844
0.0483733378350735,548.338806152344
0.0536678396165371,644.534545898438
0.0539601482450962,726.084411621094
0.149623855948448,505.644775390625
0.0978532284498215,554.140930175781
0.14165697991848,473.021240234375
0.167209818959236,459.519744873047
0.111309088766575,476.121643066406
0.109954811632633,479.867065429688
0.121053986251354,478.700988769531
0.113536074757576,482.058166503906
0.0958095341920853,453.150573730469
0.0686467587947845,502.221313476562
0.0796723812818527,508.593933105469
0.0722735002636909,509.218841552734
0.0641358122229576,474.846801757812
0.060308538377285,531.373107910156
0.0623875372111797,529.280395507812
0.0876503512263298,516.150451660156
0.160231545567513,524.858459472656
0.173820689320564,511.837097167969
0.178087040781975,442.132751464844
0.133491039276123,491.530944824219
0.192443042993546,511.405883789062
0.186821132898331,486.361938476562
0.128902658820152,542.32080078125
0.112796701490879,584.752685546875
0.104818560183048,573.889770507812
0.105845920741558,602.3984375
0.116905182600021,654.399108886719
0.101393610239029,623.4111328125
0.104013010859489,635.982788085938
0.10970001667738,644.12353515625
0.0746469721198082,542.855590820312
0.059686217457056,513.416564941406
0.0760853737592697,551.03564453125
0.0498320050537586,587.819763183594
0.0795383378863335,577.327209472656
0.0508995093405247,616.049560546875
0.034148134291172,600.311218261719
0.0606490448117256,555.7177734375
0.0707629099488258,545.899780273438
0.0758074671030045,533.818054199219
0.0937869176268578,558.001037597656
0.103620767593384,584.006774902344
0.105883158743382,593.219177246094
0.0853768363595009,589.072082519531
0.0654817670583725,591.261901855469
0.058796513825655,584.71240234375
0.0515722297132015,578.399658203125
0.0524622723460197,590.462646484375
0.0827400833368301,644.838623046875
0.0762337744235992,641.02490234375
0.0962012261152267,621.546630859375
0.101206548511982,611.132934570312
0.12620946764946,581.32470703125
0.190448507666588,412.126525878906
0.120848789811134,476.246917724609
0.120312072336674,487.295166015625
0.127062872052193,488.436462402344
0.101440973579884,482.718627929688
0.0857539772987366,444.539672851562
0.0821504592895508,483.213989257812
0.104859210550785,444.9150390625
0.105495162308216,444.60546875
0.0668256655335426,476.051696777344
0.0672046914696693,490.492401123047
0.100609980523586,516.86376953125
0.132015809416771,529.811645507812
0.170474141836166,473.556365966797
0.144640758633614,386.248168945312
0.227588936686516,526.302185058594
0.197899922728539,480.043609619141
0.413085699081421,137.555435180664
0.242410406470299,504.54345703125
0.204247698187828,557.429321289062
0.170892536640167,675.712219238281
0.202266946434975,554.664001464844
0.115810714662075,602.772644042969
0.108750931918621,569.784057617188
0.131011575460434,542.602844238281
0.0840607583522797,493.083862304688
0.0797957703471184,565.122436523438
0.0864641293883324,585.700927734375
0.0886616557836533,634.706359863281
0.119819492101669,586.074096679688
0.114011995494366,641.436767578125
0.114894308149815,618.878356933594
0.112853236496449,596.74169921875
0.10737469792366,572.146179199219
0.0906567499041557,643.685791015625
0.0694046691060066,656.892211914062
0.0621482580900192,634.209228515625
0.0759847611188889,623.024536132812
0.130010843276978,630.140686035156
0.0694008618593216,596.698974609375
0.0682355538010597,604.601135253906
0.0794263780117035,541.137084960938
0.0875279754400253,517.916015625
0.0776506960391998,620.545715332031
0.100869409739971,502.863677978516
0.0886298641562462,508.205200195312
0.113896802067757,544.583129882812
0.14656326174736,592.517944335938
0.148609951138496,530.910461425781
0.146034479141235,607.065551757812
0.215883508324623,436.711975097656
0.105567865073681,618.0126953125
0.15493106842041,458.413604736328
0.154067859053612,400.394897460938
0.0891314223408699,405.621765136719
0.0607596635818481,478.560974121094
0.112186580896378,485.510589599609
0.135411411523819,401.684387207031
0.127469673752785,588.007507324219
0.0770409181714058,644.974731445312
0.0928327888250351,616.964965820312
0.0910224467515945,557.876647949219
0.104617819190025,509.881286621094
0.238609626889229,517.535400390625
0.166094496846199,398.786437988281
0.262159436941147,439.727111816406
0.107385262846947,763.259887695312
0.0912848934531212,617.560791015625
0.154280856251717,606.614501953125
0.186428561806679,613.920227050781
0.191588953137398,600.786437988281
0.159978240728378,552.317504882812
0.147130995988846,614.533935546875
0.107939720153809,617.84130859375
0.119978971779346,647.21240234375
0.118300050497055,680.15771484375
0.0499483831226826,544.799438476562
0.0835778191685677,584.650268554688
0.130782574415207,608.235717773438
0.125571563839912,597.0234375
0.112532675266266,589.055236816406
0.11310076713562,569.073486328125
0.132196292281151,541.918212890625
0.121992021799088,601.991516113281
0.114605344831944,599.411010742188
0.109655760228634,615.215209960938
0.125283822417259,665.522155761719
0.111925192177296,699.508239746094
0.120599463582039,625.2958984375
0.149271234869957,596.519165039062
0.144162744283676,587.341857910156
0.147569075226784,606.201110839844
0.120794877409935,587.379516601562
0.170439019799232,605.38427734375
0.113001227378845,648.503295898438
0.191098541021347,527.57275390625
0.0929371491074562,796.042114257812
0.133055552840233,685.29052734375
0.125916570425034,660.932495117188
0.136821806430817,608.585266113281
0.132847279310226,530.702331542969
0.14893202483654,644.773681640625
0.138153463602066,635.191284179688
0.125790625810623,679.215759277344
0.119026020169258,717.436950683594
0.106590636074543,648.243408203125
0.10533944517374,742.858581542969
0.102502137422562,705.989318847656
0.108222365379333,624.716064453125
0.11987479776144,624.6103515625
0.153649896383286,555.039428710938
0.178917571902275,533.909545898438
0.172814756631851,608.599365234375
0.187467202544212,606.0146484375
0.147615566849709,520.4326171875
0.121116563677788,523.49609375
0.363638401031494,488.863098144531
0.283709585666656,561.440795898438
0.226610466837883,568.170776367188
0.131322890520096,752.084350585938
0.174081340432167,639.325073242188
0.147566825151443,631.189025878906
0.134597137570381,727.473754882812
0.102851904928684,576.715209960938
0.12034660577774,694.01171875
0.128910019993782,656.815795898438
0.117166332900524,637.459045410156
0.157119616866112,640.841064453125
0.159922450780869,460.084136962891
0.104468017816544,404.564392089844
0.0485508106648922,463.03466796875
